\u7B2C01\u96C6,https://gss3.baidu.com/6LZ0ej3k1Qd3ote6lo7D0j9wehsv/tieba-smallvideo/60_19e5c76f42ae2946134ef2b9e045c090.mp4
\u7B2C02\u96C6,https://gss3.baidu.com/6LZ0ej3k1Qd3ote6lo7D0j9wehsv/tieba-smallvideo/60_c3ae43378c48969377a5c64f2d47cfb1.mp4
\u7B2C03\u96C6,https://gss3.baidu.com/6LZ0ej3k1Qd3ote6lo7D0j9wehsv/tieba-smallvideo/60_16feb02e253b384ae31eed777469a338.mp4
\u7B2C04\u96C6,https://gss3.baidu.com/6LZ0ej3k1Qd3ote6lo7D0j9wehsv/tieba-smallvideo/60_ca036bc6082098ac22d021656367bc61.mp4
\u7B2C05\u96C6,https://gss3.baidu.com/6LZ0ej3k1Qd3ote6lo7D0j9wehsv/tieba-smallvideo/60_3aa5d58a8723ccaa5d803ef6605529b6.mp4
\u7B2C06\u96C6,https://gss3.baidu.com/6LZ0ej3k1Qd3ote6lo7D0j9wehsv/tieba-smallvideo/60_9d977ecb287fa9849868d18f39d617f3.mp4
\u7B2C07\u96C6,https://gss3.baidu.com/6LZ0ej3k1Qd3ote6lo7D0j9wehsv/tieba-smallvideo/60_dbeef8e55e601656827479ea710cd27a.mp4
\u7B2C08\u96C6,https://gss3.baidu.com/6LZ0ej3k1Qd3ote6lo7D0j9wehsv/tieba-smallvideo/60_b5de002234b5e1719f04d7085d0ded99.mp4
\u7B2C09\u96C6,https://gss3.baidu.com/6LZ0ej3k1Qd3ote6lo7D0j9wehsv/tieba-smallvideo/60_b2bbf3ef9b19f26cd7d79e143a6ae850.mp4
\u7B2C10\u96C6,https://gss3.baidu.com/6LZ0ej3k1Qd3ote6lo7D0j9wehsv/tieba-smallvideo/60_e62de482f1ab28f8d0af457207bc6e24.mp4
\u7B2C11\u96C6,https://gss3.baidu.com/6LZ0ej3k1Qd3ote6lo7D0j9wehsv/tieba-smallvideo/60_8f192a70dcf3e351764aae8488a31d33.mp4
\u7B2C12\u96C6,https://gss3.baidu.com/6LZ0ej3k1Qd3ote6lo7D0j9wehsv/tieba-smallvideo/60_6bd0d68bd2260d15219e2c199bead6eb.mp4
\u7B2C13\u96C6,https://gss3.baidu.com/6LZ0ej3k1Qd3ote6lo7D0j9wehsv/tieba-smallvideo/60_79779582163b4cc62a31e070d0861bd9.mp4
\u7B2C14\u96C6,https://gss3.baidu.com/6LZ0ej3k1Qd3ote6lo7D0j9wehsv/tieba-smallvideo/60_61e8862129c31a7020943e9f8b3cdc32.mp4
\u7B2C15\u96C6,https://gss3.baidu.com/6LZ0ej3k1Qd3ote6lo7D0j9wehsv/tieba-smallvideo/60_9d1ada3aeb848dbd4736de9b08579167.mp4
\u7B2C16\u96C6,https://gss3.baidu.com/6LZ0ej3k1Qd3ote6lo7D0j9wehsv/tieba-smallvideo/60_d01e2a839f0c1884d0add79cbd1b3d3f.mp4
\u7B2C17\u96C6,https://gss3.baidu.com/6LZ0ej3k1Qd3ote6lo7D0j9wehsv/tieba-smallvideo/60_1ef452cfab5e95261739a9b5a6924abe.mp4
\u7B2C18\u96C6,https://gss3.baidu.com/6LZ0ej3k1Qd3ote6lo7D0j9wehsv/tieba-smallvideo/60_1df3f213b76a6029a4359967ec594dfd.mp4
\u7B2C19\u96C6,https://gss3.baidu.com/6LZ0ej3k1Qd3ote6lo7D0j9wehsv/tieba-smallvideo/60_96dfd26e806dd71dedfcb07a0f76a82d.mp4
\u7B2C01\u96C6,http://quan.qq.com/video/1098_19e5c76f42ae2946134ef2b9e045c090
\u7B2C02\u96C6,http://quan.qq.com/video/1098_c3ae43378c48969377a5c64f2d47cfb1
\u7B2C03\u96C6,http://quan.qq.com/video/1098_16feb02e253b384ae31eed777469a338
\u7B2C04\u96C6,http://quan.qq.com/video/1098_ca036bc6082098ac22d021656367bc61
\u7B2C05\u96C6,http://quan.qq.com/video/1098_3aa5d58a8723ccaa5d803ef6605529b6
\u7B2C06\u96C6,http://quan.qq.com/video/1098_9d977ecb287fa9849868d18f39d617f3
\u7B2C07\u96C6,http://quan.qq.com/video/1098_dbeef8e55e601656827479ea710cd27a
\u7B2C08\u96C6,http://quan.qq.com/video/1098_b5de002234b5e1719f04d7085d0ded99
\u7B2C09\u96C6,http://quan.qq.com/video/1098_b2bbf3ef9b19f26cd7d79e143a6ae850
\u7B2C10\u96C6,http://quan.qq.com/video/1098_e62de482f1ab28f8d0af457207bc6e24
\u7B2C11\u96C6,http://quan.qq.com/video/1098_a58d4bc942c700094b1e7db238a90a3b
\u7B2C12\u96C6,http://quan.qq.com/video/1098_6bd0d68bd2260d15219e2c199bead6eb
\u7B2C13\u96C6,http://quan.qq.com/video/1098_79779582163b4cc62a31e070d0861bd9
\u7B2C14\u96C6,http://quan.qq.com/video/1098_61e8862129c31a7020943e9f8b3cdc32
\u7B2C15\u96C6,http://quan.qq.com/video/1098_9d1ada3aeb848dbd4736de9b08579167
\u7B2C16\u96C6,http://quan.qq.com/video/1098_d01e2a839f0c1884d0add79cbd1b3d3f
\u7B2C17\u96C6,http://quan.qq.com/video/1098_1ef452cfab5e95261739a9b5a6924abe
\u7B2C18\u96C6,http://quan.qq.com/video/1098_1df3f213b76a6029a4359967ec594dfd
\u7B2C19\u96C6,http://quan.qq.com/video/1098_96dfd26e806dd71dedfcb07a0f76a82d